STATION,DATE,HPCP
COOP:060806,20121001 01:00,0
COOP:060806,20121002 12:00,0
COOP:060806,20121002 13:00,14
COOP:060806,20121002 14:00,7
COOP:060806,20121002 15:00,6
COOP:060806,20121002 16:00,2
COOP:060806,20121002 17:00,9
COOP:060806,20121002 18:00,14
COOP:060806,20121002 19:00,6
COOP:060806,20121002 20:00,3
COOP:060806,20121002 21:00,1
COOP:060806,20121002 22:00,2
COOP:060806,20121002 23:00,0
COOP:060806,20121003 11:00,0
COOP:060806,20121003 18:00,0
COOP:060806,20121004 00:00,1
COOP:060806,20121004 14:00,0
COOP:060806,20121004 18:00,0
COOP:060806,20121004 19:00,45
COOP:060806,20121007 11:00,0
COOP:060806,20121007 12:00,2
COOP:060806,20121007 13:00,2
COOP:060806,20121007 14:00,1
COOP:060806,20121007 15:00,0
COOP:060806,20121007 16:00,0
COOP:060806,20121007 17:00,0
COOP:060806,20121007 18:00,0
COOP:060806,20121007 20:00,2
COOP:060806,20121007 21:00,2
COOP:060806,20121007 22:00,5
COOP:060806,20121007 23:00,1
COOP:060806,20121009 08:00,0
COOP:060806,20121009 09:00,1
COOP:060806,20121010 03:00,0
COOP:060806,20121010 04:00,4
COOP:060806,20121010 05:00,3
COOP:060806,20121010 06:00,4
COOP:060806,20121010 07:00,5
COOP:060806,20121010 08:00,3
COOP:060806,20121010 09:00,2
COOP:060806,20121010 10:00,1
COOP:060806,20121010 11:00,0
COOP:060806,20121010 12:00,0
COOP:060806,20121012 10:00,0
COOP:060806,20121012 11:00,0
COOP:060806,20121012 15:00,0
COOP:060806,20121014 07:00,0
COOP:060806,20121014 08:00,0
COOP:060806,20121015 18:00,21
COOP:060806,20121015 19:00,8
COOP:060806,20121015 20:00,7
COOP:060806,20121015 21:00,2
COOP:060806,20121015 22:00,0
COOP:060806,20121016 00:00,0
COOP:060806,20121016 01:00,0
COOP:060806,20121016 02:00,0
COOP:060806,20121019 01:00,0
COOP:060806,20121019 02:00,9
COOP:060806,20121019 03:00,13
COOP:060806,20121019 04:00,14
COOP:060806,20121019 05:00,1
COOP:060806,20121019 06:00,2
COOP:060806,20121019 07:00,5
COOP:060806,20121019 08:00,3
COOP:060806,20121019 09:00,9
COOP:060806,20121019 10:00,10
COOP:060806,20121019 11:00,6
COOP:060806,20121019 12:00,5
COOP:060806,20121019 13:00,0
COOP:060806,20121019 15:00,1
COOP:060806,20121019 16:00,3
COOP:060806,20121023 12:00,0
COOP:060806,20121023 13:00,0
COOP:060806,20121023 14:00,0
COOP:060806,20121023 15:00,0
COOP:060806,20121023 16:00,0
COOP:060806,20121023 18:00,0
COOP:060806,20121023 19:00,0
COOP:060806,20121023 20:00,4
COOP:060806,20121023 21:00,5
COOP:060806,20121023 22:00,0
COOP:060806,20121023 23:00,1
COOP:060806,20121024 00:00,0
COOP:060806,20121024 01:00,0
COOP:060806,20121024 02:00,2
COOP:060806,20121024 03:00,0
COOP:060806,20121024 07:00,0
COOP:060806,20121024 08:00,1
COOP:060806,20121024 09:00,0
COOP:060806,20121024 15:00,0
COOP:060806,20121024 19:00,0
COOP:060806,20121024 20:00,0
COOP:060806,20121028 21:00,0
COOP:060806,20121029 08:00,0
COOP:060806,20121029 09:00,0
COOP:060806,20121029 10:00,1
COOP:060806,20121029 11:00,0
COOP:060806,20121029 12:00,2
COOP:060806,20121029 13:00,3
COOP:060806,20121029 14:00,4
COOP:060806,20121029 15:00,6
COOP:060806,20121029 16:00,20
COOP:060806,20121029 17:00,1
COOP:060806,20121029 18:00,0
COOP:060806,20121029 21:00,0
COOP:060806,20121029 22:00,1
COOP:060806,20121029 23:00,1
COOP:060806,20121030 01:00,4
COOP:060806,20121030 03:00,0
COOP:060806,20121030 04:00,0
COOP:060806,20121030 05:00,0
COOP:060806,20121030 06:00,0
COOP:060806,20121030 07:00,0
COOP:060806,20121030 08:00,0
COOP:060806,20121030 09:00,0
COOP:060806,20121030 10:00,0
COOP:060806,20121030 11:00,0
COOP:060806,20121030 12:00,0
COOP:060806,20121030 20:00,0
COOP:060806,20121031 02:00,0
COOP:060806,20121031 03:00,1
COOP:060806,20121031 04:00,0
COOP:060806,20121031 05:00,0
COOP:060806,20121031 06:00,0
COOP:060806,20121101 01:00,0
COOP:060806,20121102 18:00,0
COOP:060806,20121102 19:00,0
COOP:060806,20121107 11:00,2
COOP:060806,20121107 12:00,7
COOP:060806,20121107 13:00,3
COOP:060806,20121107 14:00,4
COOP:060806,20121107 15:00,1
COOP:060806,20121107 16:00,3
COOP:060806,20121107 17:00,4
COOP:060806,20121107 18:00,3
COOP:060806,20121107 19:00,3
COOP:060806,20121107 20:00,4
COOP:060806,20121107 21:00,3
COOP:060806,20121107 22:00,2
COOP:060806,20121107 23:00,2
COOP:060806,20121108 00:00,4
COOP:060806,20121108 01:00,5
COOP:060806,20121108 02:00,3
COOP:060806,20121108 03:00,2
COOP:060806,20121108 04:00,1
COOP:060806,20121108 05:00,4
COOP:060806,20121108 06:00,5
COOP:060806,20121108 07:00,3
COOP:060806,20121108 08:00,2
COOP:060806,20121108 09:00,0
COOP:060806,20121110 09:00,0
COOP:060806,20121112 23:00,0
COOP:060806,20121113 06:00,0
COOP:060806,20121113 07:00,0
COOP:060806,20121113 08:00,0
COOP:060806,20121113 09:00,0
COOP:060806,20121113 12:00,0
COOP:060806,20121113 13:00,0
COOP:060806,20121113 14:00,4
COOP:060806,20121113 15:00,1
COOP:060806,20121123 23:00,1
COOP:060806,20121124 00:00,3
COOP:060806,20121124 01:00,0
COOP:060806,20121127 07:00,0
COOP:060806,20121127 08:00,2
COOP:060806,20121127 09:00,2
COOP:060806,20121127 10:00,2
COOP:060806,20121127 11:00,3
COOP:060806,20121127 12:00,5
COOP:060806,20121127 13:00,6
COOP:060806,20121127 14:00,7
COOP:060806,20121127 15:00,4
COOP:060806,20121127 16:00,4
COOP:060806,20121127 17:00,4
COOP:060806,20121127 18:00,3
COOP:060806,20121127 19:00,1
COOP:060806,20121127 20:00,0
COOP:060806,20121127 21:00,0
COOP:060806,20121201 01:00,0
COOP:060806,20121202 21:00,1
COOP:060806,20121202 22:00,2
COOP:060806,20121202 23:00,7
COOP:060806,20121203 00:00,0
COOP:060806,20121204 07:00,0
COOP:060806,20121204 08:00,1
COOP:060806,20121204 09:00,0
COOP:060806,20121204 10:00,2
COOP:060806,20121204 11:00,1
COOP:060806,20121205 04:00,0
COOP:060806,20121205 05:00,1
COOP:060806,20121205 06:00,0
COOP:060806,20121205 07:00,0
COOP:060806,20121207 11:00,0
COOP:060806,20121207 12:00,0
COOP:060806,20121207 13:00,0
COOP:060806,20121207 14:00,4
COOP:060806,20121207 15:00,1
COOP:060806,20121207 16:00,1
COOP:060806,20121207 17:00,0
COOP:060806,20121207 18:00,1
COOP:060806,20121207 19:00,1
COOP:060806,20121207 20:00,0
COOP:060806,20121207 21:00,2
COOP:060806,20121207 22:00,0
COOP:060806,20121207 23:00,0
COOP:060806,20121208 01:00,1
COOP:060806,20121208 02:00,5
COOP:060806,20121208 03:00,12
COOP:060806,20121208 04:00,4
COOP:060806,20121208 05:00,0
COOP:060806,20121208 06:00,0
COOP:060806,20121208 07:00,1
COOP:060806,20121208 08:00,0
COOP:060806,20121208 23:00,0
COOP:060806,20121209 00:00,0
COOP:060806,20121209 01:00,0
COOP:060806,20121209 02:00,0
COOP:060806,20121209 13:00,0
COOP:060806,20121209 14:00,0
COOP:060806,20121209 15:00,0
COOP:060806,20121209 16:00,0
COOP:060806,20121209 17:00,1
COOP:060806,20121209 18:00,1
COOP:060806,20121209 19:00,2
COOP:060806,20121209 20:00,1
COOP:060806,20121209 21:00,3
COOP:060806,20121209 22:00,3
COOP:060806,20121209 23:00,1
COOP:060806,20121210 00:00,12
COOP:060806,20121210 01:00,11
COOP:060806,20121210 02:00,4
COOP:060806,20121210 03:00,1
COOP:060806,20121210 04:00,0
COOP:060806,20121210 05:00,5
COOP:060806,20121210 07:00,0
COOP:060806,20121210 11:00,0
COOP:060806,20121210 12:00,3
COOP:060806,20121210 13:00,0
COOP:060806,20121210 16:00,1
COOP:060806,20121210 17:00,0
COOP:060806,20121211 04:00,0
COOP:060806,20121211 05:00,0
COOP:060806,20121211 07:00,1
COOP:060806,20121211 08:00,0
COOP:060806,20121216 04:00,0
COOP:060806,20121216 05:00,0
COOP:060806,20121216 06:00,0
COOP:060806,20121216 10:00,0
COOP:060806,20121216 11:00,0
COOP:060806,20121216 12:00,1
COOP:060806,20121216 13:00,0
COOP:060806,20121216 15:00,1
COOP:060806,20121216 16:00,2
COOP:060806,20121216 17:00,3
COOP:060806,20121216 18:00,3
COOP:060806,20121216 19:00,5
COOP:060806,20121216 20:00,2
COOP:060806,20121216 21:00,1
COOP:060806,20121216 22:00,0
COOP:060806,20121217 00:00,1
COOP:060806,20121217 01:00,5
COOP:060806,20121217 02:00,10
COOP:060806,20121217 03:00,7
COOP:060806,20121217 04:00,3
COOP:060806,20121217 05:00,4
COOP:060806,20121217 06:00,0
COOP:060806,20121217 07:00,3
COOP:060806,20121217 08:00,1
COOP:060806,20121217 22:00,1
COOP:060806,20121217 23:00,0
COOP:060806,20121218 00:00,2
COOP:060806,20121218 01:00,6
COOP:060806,20121218 02:00,13
COOP:060806,20121218 03:00,10
COOP:060806,20121218 04:00,20
COOP:060806,20121218 05:00,16
COOP:060806,20121218 06:00,2
COOP:060806,20121218 08:00,0
COOP:060806,20121218 18:00,0
COOP:060806,20121220 22:00,2
COOP:060806,20121220 23:00,0
COOP:060806,20121221 04:00,0
COOP:060806,20121221 05:00,1
COOP:060806,20121221 06:00,5
COOP:060806,20121221 07:00,5
COOP:060806,20121221 08:00,22
COOP:060806,20121221 09:00,8
COOP:060806,20121221 10:00,8
COOP:060806,20121221 11:00,12
COOP:060806,20121222 07:00,0
COOP:060806,20121222 08:00,0
COOP:060806,20121224 21:00,0
COOP:060806,20121224 22:00,2
COOP:060806,20121224 23:00,5
COOP:060806,20121225 00:00,0
COOP:060806,20121225 01:00,0
COOP:060806,20121225 02:00,0
COOP:060806,20121225 03:00,1
COOP:060806,20121225 04:00,2
COOP:060806,20121225 06:00,1
COOP:060806,20121225 07:00,0
COOP:060806,20121226 16:00,0
COOP:060806,20121226 17:00,2
COOP:060806,20121226 18:00,11
COOP:060806,20121226 19:00,6
COOP:060806,20121226 20:00,4
COOP:060806,20121226 21:00,6
COOP:060806,20121226 22:00,7
COOP:060806,20121226 23:00,4
COOP:060806,20121227 00:00,5
COOP:060806,20121227 01:00,6
COOP:060806,20121227 02:00,10
COOP:060806,20121227 03:00,9
COOP:060806,20121227 04:00,17
COOP:060806,20121227 05:00,8
COOP:060806,20121227 06:00,3
COOP:060806,20121227 07:00,1
COOP:060806,20121227 08:00,0
COOP:060806,20121227 09:00,0
COOP:060806,20121227 10:00,0
COOP:060806,20121227 11:00,0
COOP:060806,20121227 12:00,1
COOP:060806,20121227 13:00,0
COOP:060806,20121229 13:00,2
COOP:060806,20121229 14:00,4
COOP:060806,20121229 15:00,5
COOP:060806,20121229 16:00,3
COOP:060806,20121229 17:00,6
COOP:060806,20121229 18:00,8
COOP:060806,20121229 19:00,4
COOP:060806,20121229 20:00,3
COOP:060806,20121229 21:00,1
COOP:060806,20121229 22:00,1
COOP:060806,20121229 23:00,1
COOP:060806,20130101 01:00,0
COOP:060806,20130111 14:00,0
COOP:060806,20130111 15:00,1
COOP:060806,20130111 16:00,0
COOP:060806,20130111 17:00,0
COOP:060806,20130111 18:00,3
COOP:060806,20130111 19:00,2
COOP:060806,20130111 20:00,9
COOP:060806,20130111 21:00,11
COOP:060806,20130111 22:00,1
COOP:060806,20130111 23:00,3
COOP:060806,20130112 00:00,2
COOP:060806,20130112 01:00,1
COOP:060806,20130112 02:00,1
COOP:060806,20130112 03:00,4
COOP:060806,20130112 04:00,2
COOP:060806,20130112 05:00,1
COOP:060806,20130112 06:00,1
COOP:060806,20130114 21:00,0
COOP:060806,20130114 22:00,1
COOP:060806,20130114 23:00,3
COOP:060806,20130115 00:00,1
COOP:060806,20130115 01:00,3
COOP:060806,20130115 02:00,4
COOP:060806,20130115 03:00,2
COOP:060806,20130115 04:00,3
COOP:060806,20130115 05:00,0
COOP:060806,20130116 00:00,0
COOP:060806,20130116 01:00,0
COOP:060806,20130116 02:00,4
COOP:060806,20130116 03:00,5
COOP:060806,20130116 04:00,7
COOP:060806,20130116 05:00,12
COOP:060806,20130116 06:00,16
COOP:060806,20130116 07:00,6
COOP:060806,20130116 08:00,2
COOP:060806,20130116 09:00,1
COOP:060806,20130116 12:00,1
COOP:060806,20130116 13:00,2
COOP:060806,20130116 14:00,0
COOP:060806,20130116 18:00,0
COOP:060806,20130121 15:00,0
COOP:060806,20130121 18:00,0
COOP:060806,20130121 21:00,0
COOP:060806,20130121 22:00,0
COOP:060806,20130121 23:00,0
COOP:060806,20130125 19:00,0
COOP:060806,20130125 20:00,2
COOP:060806,20130125 21:00,1
COOP:060806,20130125 22:00,1
COOP:060806,20130125 23:00,0
COOP:060806,20130128 10:00,0
COOP:060806,20130128 11:00,1
COOP:060806,20130128 12:00,1
COOP:060806,20130128 13:00,1
COOP:060806,20130128 14:00,2
COOP:060806,20130128 15:00,2
COOP:060806,20130128 16:00,6
COOP:060806,20130128 17:00,6
COOP:060806,20130128 19:00,1
COOP:060806,20130128 20:00,1
COOP:060806,20130129 19:00,0
COOP:060806,20130129 21:00,0
COOP:060806,20130130 15:00,1
COOP:060806,20130130 17:00,1
COOP:060806,20130130 20:00,1
COOP:060806,20130130 22:00,1
COOP:060806,20130130 23:00,1
COOP:060806,20130131 00:00,1
COOP:060806,20130131 01:00,4
COOP:060806,20130131 02:00,3
COOP:060806,20130131 03:00,2
COOP:060806,20130131 04:00,3
COOP:060806,20130131 05:00,23
COOP:060806,20130131 06:00,18
COOP:060806,20130131 07:00,1
COOP:060806,20130131 08:00,0
COOP:060806,20130131 09:00,0
COOP:060806,20130201 01:00,0
COOP:060806,20130202 22:00,0
COOP:060806,20130202 23:00,1
COOP:060806,20130203 00:00,0
COOP:060806,20130203 01:00,0
COOP:060806,20130203 02:00,0
COOP:060806,20130203 03:00,0
COOP:060806,20130203 04:00,1
COOP:060806,20130203 05:00,0
COOP:060806,20130203 06:00,0
COOP:060806,20130205 04:00,0
COOP:060806,20130205 05:00,0
COOP:060806,20130205 06:00,0
COOP:060806,20130205 07:00,0
COOP:060806,20130205 08:00,0
COOP:060806,20130205 09:00,0
COOP:060806,20130205 17:00,0
COOP:060806,20130205 18:00,2
COOP:060806,20130205 21:00,0
COOP:060806,20130208 08:00,4
COOP:060806,20130208 09:00,7
COOP:060806,20130208 10:00,8
COOP:060806,20130208 11:00,5
COOP:060806,20130208 12:00,5
COOP:060806,20130208 13:00,7
COOP:060806,20130208 14:00,7
COOP:060806,20130208 15:00,7
COOP:060806,20130208 16:00,8
COOP:060806,20130208 17:00,12
COOP:060806,20130208 18:00,18
COOP:060806,20130208 19:00,9
COOP:060806,20130208 20:00,7
COOP:060806,20130208 21:00,2
COOP:060806,20130208 22:00,0
COOP:060806,20130208 23:00,7
COOP:060806,20130209 00:00,60
COOP:060806,20130209 04:00,6
COOP:060806,20130209 05:00,6
COOP:060806,20130209 06:00,14
COOP:060806,20130209 07:00,2
COOP:060806,20130209 08:00,26
COOP:060806,20130209 09:00,8
COOP:060806,20130209 10:00,9
COOP:060806,20130209 11:00,12
COOP:060806,20130209 12:00,3
COOP:060806,20130209 13:00,1
COOP:060806,20130209 14:00,0
COOP:060806,20130209 15:00,0
COOP:060806,20130209 16:00,0
COOP:060806,20130209 17:00,0
COOP:060806,20130209 18:00,0
COOP:060806,20130211 06:00,0
COOP:060806,20130211 07:00,1
COOP:060806,20130211 08:00,4
COOP:060806,20130211 09:00,4
COOP:060806,20130211 10:00,16
COOP:060806,20130211 11:00,15
COOP:060806,20130211 12:00,8
COOP:060806,20130211 13:00,2
COOP:060806,20130211 14:00,0
COOP:060806,20130211 18:00,1
COOP:060806,20130211 20:00,1
COOP:060806,20130214 00:00,0
COOP:060806,20130214 01:00,1
COOP:060806,20130214 02:00,0
COOP:060806,20130216 03:00,0
COOP:060806,20130216 04:00,1
COOP:060806,20130216 05:00,1
COOP:060806,20130216 06:00,1
COOP:060806,20130216 07:00,0
COOP:060806,20130217 00:00,0
COOP:060806,20130217 02:00,0
COOP:060806,20130217 03:00,0
COOP:060806,20130219 14:00,0
COOP:060806,20130219 15:00,5
COOP:060806,20130219 16:00,4
COOP:060806,20130219 17:00,2
COOP:060806,20130219 18:00,4
COOP:060806,20130219 19:00,3
COOP:060806,20130219 20:00,2
COOP:060806,20130219 21:00,1
COOP:060806,20130219 22:00,1
COOP:060806,20130223 05:00,0
COOP:060806,20130223 11:00,0
COOP:060806,20130223 12:00,0
COOP:060806,20130223 13:00,2
COOP:060806,20130223 14:00,1
COOP:060806,20130223 15:00,3
COOP:060806,20130223 16:00,4
COOP:060806,20130223 17:00,6
COOP:060806,20130223 18:00,5
COOP:060806,20130223 19:00,3
COOP:060806,20130223 20:00,1
COOP:060806,20130223 21:00,0
COOP:060806,20130223 23:00,1
COOP:060806,20130224 00:00,1
COOP:060806,20130224 01:00,1
COOP:060806,20130224 15:00,0
COOP:060806,20130224 20:00,0
COOP:060806,20130224 21:00,0
COOP:060806,20130226 21:00,1
COOP:060806,20130226 22:00,0
COOP:060806,20130226 23:00,6
COOP:060806,20130227 00:00,11
COOP:060806,20130227 01:00,7
COOP:060806,20130227 02:00,21
COOP:060806,20130227 03:00,15
COOP:060806,20130227 04:00,6
COOP:060806,20130227 05:00,11
COOP:060806,20130227 06:00,11
COOP:060806,20130227 07:00,3
COOP:060806,20130227 08:00,5
COOP:060806,20130227 09:00,4
COOP:060806,20130227 10:00,5
COOP:060806,20130227 11:00,13
COOP:060806,20130227 12:00,8
COOP:060806,20130227 13:00,2
COOP:060806,20130227 14:00,0
COOP:060806,20130227 15:00,0
COOP:060806,20130227 16:00,0
COOP:060806,20130227 18:00,0
COOP:060806,20130228 07:00,0
COOP:060806,20130228 08:00,2
COOP:060806,20130228 09:00,0
COOP:060806,20130228 20:00,0
COOP:060806,20130228 21:00,0
COOP:060806,20130228 22:00,1
COOP:060806,20130228 23:00,0
COOP:060806,20130301 00:00,0
COOP:060806,20130301 01:00,0
COOP:060806,20130306 11:00,0
COOP:060806,20130306 12:00,0
COOP:060806,20130306 13:00,0
COOP:060806,20130306 14:00,0
COOP:060806,20130306 15:00,0
COOP:060806,20130306 17:00,0
COOP:060806,20130306 18:00,0
COOP:060806,20130306 23:00,0
COOP:060806,20130307 00:00,0
COOP:060806,20130307 01:00,0
COOP:060806,20130307 02:00,0
COOP:060806,20130307 03:00,0
COOP:060806,20130307 07:00,0
COOP:060806,20130307 09:00,0
COOP:060806,20130307 10:00,0
COOP:060806,20130307 15:00,0
COOP:060806,20130307 16:00,0
COOP:060806,20130307 17:00,2
COOP:060806,20130307 18:00,2
COOP:060806,20130307 19:00,3
COOP:060806,20130307 20:00,2
COOP:060806,20130307 21:00,1
COOP:060806,20130307 22:00,1
COOP:060806,20130307 23:00,3
COOP:060806,20130308 00:00,2
COOP:060806,20130308 01:00,3
COOP:060806,20130308 02:00,4
COOP:060806,20130308 03:00,4
COOP:060806,20130308 04:00,3
COOP:060806,20130308 05:00,2
COOP:060806,20130308 06:00,9
COOP:060806,20130308 07:00,6
COOP:060806,20130308 08:00,3
COOP:060806,20130308 09:00,3
COOP:060806,20130308 10:00,5
COOP:060806,20130308 11:00,6
COOP:060806,20130308 12:00,7
COOP:060806,20130308 13:00,6
COOP:060806,20130308 14:00,7
COOP:060806,20130308 15:00,3
COOP:060806,20130308 16:00,0
COOP:060806,20130312 06:00,1
COOP:060806,20130312 07:00,1
COOP:060806,20130312 08:00,3
COOP:060806,20130312 09:00,4
COOP:060806,20130312 10:00,6
COOP:060806,20130312 11:00,5
COOP:060806,20130312 12:00,4
COOP:060806,20130312 13:00,5
COOP:060806,20130312 14:00,9
COOP:060806,20130312 15:00,12
COOP:060806,20130312 16:00,17
COOP:060806,20130312 17:00,13
COOP:060806,20130312 18:00,1
COOP:060806,20130312 20:00,0
COOP:060806,20130316 14:00,0
COOP:060806,20130316 15:00,1
COOP:060806,20130316 16:00,0
COOP:060806,20130316 17:00,0
COOP:060806,20130316 20:00,0
COOP:060806,20130316 21:00,0
COOP:060806,20130318 19:00,0
COOP:060806,20130318 20:00,3
COOP:060806,20130318 21:00,3
COOP:060806,20130318 22:00,5
COOP:060806,20130318 23:00,5
COOP:060806,20130319 00:00,7
COOP:060806,20130319 01:00,5
COOP:060806,20130319 02:00,8
COOP:060806,20130319 03:00,6
COOP:060806,20130319 04:00,7
COOP:060806,20130319 05:00,2
COOP:060806,20130319 06:00,0
COOP:060806,20130319 07:00,0
COOP:060806,20130319 11:00,1
COOP:060806,20130319 12:00,9
COOP:060806,20130319 13:00,5
COOP:060806,20130319 21:00,0
COOP:060806,20130321 08:00,0
COOP:060806,20130321 09:00,0
COOP:060806,20130321 10:00,0
COOP:060806,20130321 11:00,0
COOP:060806,20130321 12:00,0
COOP:060806,20130321 13:00,0
COOP:060806,20130321 15:00,0
COOP:060806,20130321 16:00,1
COOP:060806,20130321 17:00,0
COOP:060806,20130325 15:00,0
COOP:060806,20130325 16:00,0
COOP:060806,20130325 19:00,0
COOP:060806,20130325 20:00,0
COOP:060806,20130325 21:00,0
COOP:060806,20130328 11:00,0
COOP:060806,20130329 01:00,0
COOP:060806,20130329 02:00,0
COOP:060806,20130331 20:00,1
COOP:060806,20130331 21:00,6
COOP:060806,20130331 22:00,5
COOP:060806,20130331 23:00,2
COOP:060806,20130401 00:00,1
COOP:060806,20130401 01:00,0
COOP:060806,20130401 14:00,0
COOP:060806,20130401 15:00,2
COOP:060806,20130401 16:00,0
COOP:060806,20130401 17:00,0
COOP:060806,20130405 08:00,0
COOP:060806,20130407 19:00,0
COOP:060806,20130407 20:00,0
COOP:060806,20130409 02:00,0
COOP:060806,20130409 03:00,0
COOP:060806,20130410 03:00,0
COOP:060806,20130410 19:00,6
COOP:060806,20130410 20:00,7
COOP:060806,20130410 22:00,5
COOP:060806,20130410 23:00,7
COOP:060806,20130411 00:00,0
COOP:060806,20130412 00:00,0
COOP:060806,20130412 05:00,0
COOP:060806,20130412 08:00,0
COOP:060806,20130412 09:00,0
COOP:060806,20130412 10:00,20
COOP:060806,20130412 11:00,12
COOP:060806,20130412 12:00,4
COOP:060806,20130412 13:00,3
COOP:060806,20130412 14:00,1
COOP:060806,20130412 15:00,9
COOP:060806,20130412 16:00,1
COOP:060806,20130413 00:00,1
COOP:060806,20130413 01:00,3
COOP:060806,20130413 02:00,1
COOP:060806,20130416 15:00,0
COOP:060806,20130416 16:00,0
COOP:060806,20130416 21:00,0
COOP:060806,20130416 22:00,0
COOP:060806,20130417 01:00,0
COOP:060806,20130417 02:00,0
COOP:060806,20130417 03:00,0
COOP:060806,20130417 05:00,0
COOP:060806,20130419 09:00,1
COOP:060806,20130419 23:00,0
COOP:060806,20130420 00:00,0
COOP:060806,20130420 01:00,4
COOP:060806,20130420 02:00,3
COOP:060806,20130420 03:00,7
COOP:060806,20130420 04:00,3
COOP:060806,20130420 05:00,4
COOP:060806,20130420 06:00,4
COOP:060806,20130425 05:00,0
COOP:060806,20130425 06:00,0
COOP:060806,20130429 09:00,1
COOP:060806,20130429 10:00,0
COOP:060806,20130501 01:00,0
COOP:060806,20130508 07:00,1
COOP:060806,20130508 08:00,14
COOP:060806,20130508 09:00,7
COOP:060806,20130508 10:00,11
COOP:060806,20130508 11:00,1
COOP:060806,20130508 12:00,0
COOP:060806,20130508 13:00,9
COOP:060806,20130508 14:00,1
COOP:060806,20130509 08:00,0
COOP:060806,20130509 10:00,1
COOP:060806,20130509 11:00,1
COOP:060806,20130509 12:00,0
COOP:060806,20130509 13:00,6
COOP:060806,20130509 14:00,11
COOP:060806,20130509 17:00,0
COOP:060806,20130509 18:00,1
COOP:060806,20130511 02:00,5
COOP:060806,20130511 03:00,7
COOP:060806,20130511 04:00,0
COOP:060806,20130511 05:00,0
COOP:060806,20130511 06:00,0
COOP:060806,20130511 07:00,1
COOP:060806,20130511 08:00,1
COOP:060806,20130511 09:00,0
COOP:060806,20130511 10:00,0
COOP:060806,20130511 11:00,1
COOP:060806,20130511 12:00,0
COOP:060806,20130511 14:00,0
COOP:060806,20130511 16:00,5
COOP:060806,20130511 17:00,12
COOP:060806,20130511 18:00,0
COOP:060806,20130511 22:00,0
COOP:060806,20130512 04:00,0
COOP:060806,20130512 05:00,1
COOP:060806,20130512 06:00,0
COOP:060806,20130512 07:00,2
COOP:060806,20130512 08:00,2
COOP:060806,20130513 19:00,0
COOP:060806,20130515 12:00,1
COOP:060806,20130515 13:00,1
COOP:060806,20130519 06:00,0
COOP:060806,20130519 07:00,1
COOP:060806,20130519 08:00,1
COOP:060806,20130519 09:00,2
COOP:060806,20130519 10:00,1
COOP:060806,20130519 11:00,1
COOP:060806,20130519 12:00,3
COOP:060806,20130519 13:00,0
COOP:060806,20130519 14:00,1
COOP:060806,20130519 15:00,0
COOP:060806,20130519 16:00,3
COOP:060806,20130519 17:00,4
COOP:060806,20130519 18:00,4
COOP:060806,20130519 19:00,4
COOP:060806,20130519 20:00,7
COOP:060806,20130519 21:00,9
COOP:060806,20130519 22:00,2
COOP:060806,20130522 05:00,0
COOP:060806,20130522 06:00,3
COOP:060806,20130523 05:00,0
COOP:060806,20130523 07:00,0
COOP:060806,20130523 08:00,2
COOP:060806,20130523 09:00,26
COOP:060806,20130523 14:00,0
COOP:060806,20130523 15:00,0
COOP:060806,20130523 21:00,1
COOP:060806,20130523 22:00,5
COOP:060806,20130523 23:00,3
COOP:060806,20130524 00:00,7
COOP:060806,20130524 01:00,15
COOP:060806,20130524 02:00,23
COOP:060806,20130524 03:00,1
COOP:060806,20130524 05:00,0
COOP:060806,20130524 06:00,0
COOP:060806,20130524 07:00,0
COOP:060806,20130524 08:00,1
COOP:060806,20130524 09:00,0
COOP:060806,20130524 10:00,0
COOP:060806,20130524 14:00,0
COOP:060806,20130524 15:00,0
COOP:060806,20130524 16:00,0
COOP:060806,20130524 17:00,1
COOP:060806,20130524 18:00,3
COOP:060806,20130524 19:00,2
COOP:060806,20130524 20:00,2
COOP:060806,20130524 21:00,0
COOP:060806,20130524 22:00,1
COOP:060806,20130524 23:00,0
COOP:060806,20130525 02:00,2
COOP:060806,20130525 03:00,3
COOP:060806,20130525 04:00,2
COOP:060806,20130525 05:00,1
COOP:060806,20130525 06:00,0
COOP:060806,20130525 07:00,0
COOP:060806,20130525 08:00,0
COOP:060806,20130525 09:00,2
COOP:060806,20130525 10:00,4
COOP:060806,20130525 11:00,3
COOP:060806,20130525 12:00,2
COOP:060806,20130525 13:00,2
COOP:060806,20130525 14:00,0
COOP:060806,20130525 15:00,1
COOP:060806,20130525 16:00,2
COOP:060806,20130525 17:00,1
COOP:060806,20130525 18:00,1
COOP:060806,20130525 21:00,0
COOP:060806,20130525 22:00,0
COOP:060806,20130525 23:00,0
COOP:060806,20130528 13:00,0
COOP:060806,20130528 14:00,1
COOP:060806,20130528 15:00,7
COOP:060806,20130528 16:00,6
COOP:060806,20130528 17:00,3
COOP:060806,20130528 18:00,4
COOP:060806,20130528 19:00,2
COOP:060806,20130528 20:00,2
COOP:060806,20130528 23:00,0
COOP:060806,20130529 00:00,0
COOP:060806,20130529 01:00,2
COOP:060806,20130529 06:00,0
COOP:060806,20130529 07:00,0
COOP:060806,20130529 08:00,0
COOP:060806,20130529 09:00,0
COOP:060806,20130529 10:00,0
COOP:060806,20130601 01:00,0
COOP:060806,20130602 21:00,0
COOP:060806,20130603 00:00,0
COOP:060806,20130603 01:00,3
COOP:060806,20130603 02:00,1
COOP:060806,20130603 03:00,0
COOP:060806,20130603 04:00,3
COOP:060806,20130603 05:00,1
COOP:060806,20130603 06:00,0
COOP:060806,20130603 07:00,0
COOP:060806,20130603 08:00,0
COOP:060806,20130603 09:00,6
COOP:060806,20130603 10:00,59
COOP:060806,20130603 11:00,6
COOP:060806,20130606 19:00,1
COOP:060806,20130606 20:00,0
COOP:060806,20130606 21:00,0
COOP:060806,20130606 22:00,1
COOP:060806,20130606 23:00,2
COOP:060806,20130607 00:00,2
COOP:060806,20130607 01:00,2
COOP:060806,20130607 02:00,2
COOP:060806,20130607 03:00,1
COOP:060806,20130607 04:00,0
COOP:060806,20130607 05:00,2
COOP:060806,20130607 06:00,5
COOP:060806,20130607 07:00,0
COOP:060806,20130607 08:00,2
COOP:060806,20130607 09:00,4
COOP:060806,20130607 10:00,26
COOP:060806,20130607 11:00,17
COOP:060806,20130607 12:00,16
COOP:060806,20130607 13:00,17
COOP:060806,20130607 14:00,13
COOP:060806,20130607 15:00,14
COOP:060806,20130607 16:00,11
COOP:060806,20130607 17:00,35
COOP:060806,20130607 18:00,129
COOP:060806,20130607 19:00,35
COOP:060806,20130607 20:00,31
COOP:060806,20130607 21:00,33
COOP:060806,20130607 22:00,33
COOP:060806,20130607 23:00,7
COOP:060806,20130608 00:00,8
COOP:060806,20130608 01:00,6
COOP:060806,20130608 02:00,3
COOP:060806,20130608 03:00,2
COOP:060806,20130608 04:00,0
COOP:060806,20130608 06:00,0
COOP:060806,20130608 15:00,0
COOP:060806,20130610 09:00,0
COOP:060806,20130610 10:00,0
COOP:060806,20130610 11:00,0
COOP:060806,20130610 13:00,4
COOP:060806,20130610 14:00,4
COOP:060806,20130610 15:00,7
COOP:060806,20130610 16:00,5
COOP:060806,20130610 17:00,8
COOP:060806,20130610 18:00,5
COOP:060806,20130610 19:00,17
COOP:060806,20130610 20:00,19
COOP:060806,20130610 21:00,9
COOP:060806,20130610 22:00,7
COOP:060806,20130610 23:00,3
COOP:060806,20130611 00:00,11
COOP:060806,20130611 01:00,16
COOP:060806,20130611 02:00,2
COOP:060806,20130611 03:00,1
COOP:060806,20130611 04:00,13
COOP:060806,20130611 05:00,0
COOP:060806,20130611 15:00,0
COOP:060806,20130611 16:00,11
COOP:060806,20130611 18:00,0
COOP:060806,20130613 08:00,1
COOP:060806,20130613 09:00,0
COOP:060806,20130613 10:00,11
COOP:060806,20130613 11:00,8
COOP:060806,20130613 12:00,11
COOP:060806,20130613 13:00,5
COOP:060806,20130613 17:00,0
COOP:060806,20130613 19:00,1
COOP:060806,20130613 20:00,8
COOP:060806,20130613 21:00,21
COOP:060806,20130613 22:00,41
COOP:060806,20130613 23:00,6
COOP:060806,20130614 00:00,1
COOP:060806,20130614 01:00,9
COOP:060806,20130614 02:00,10
COOP:060806,20130614 03:00,10
COOP:060806,20130614 04:00,6
COOP:060806,20130614 05:00,3
COOP:060806,20130614 06:00,0
COOP:060806,20130614 17:00,1
COOP:060806,20130614 20:00,0
COOP:060806,20130617 14:00,26
COOP:060806,20130617 15:00,1
COOP:060806,20130617 21:00,1
COOP:060806,20130617 22:00,0
COOP:060806,20130618 16:00,0
COOP:060806,20130618 17:00,10
COOP:060806,20130618 18:00,6
COOP:060806,20130618 19:00,3
COOP:060806,20130618 20:00,1
COOP:060806,20130618 21:00,0
COOP:060806,20130618 22:00,1
COOP:060806,20130624 20:00,3
COOP:060806,20130624 21:00,1
COOP:060806,20130626 20:00,1
COOP:060806,20130627 08:00,0
COOP:060806,20130627 09:00,0
COOP:060806,20130627 22:00,57
COOP:060806,20130627 23:00,0
COOP:060806,20130628 00:00,2
COOP:060806,20130628 04:00,0
COOP:060806,20130628 12:00,1
COOP:060806,20130630 17:00,0
COOP:060806,20130701 01:00,0
COOP:060806,20130701 12:00,9
COOP:060806,20130701 13:00,5
COOP:060806,20130701 14:00,2
COOP:060806,20130701 15:00,0
COOP:060806,20130701 18:00,0
COOP:060806,20130701 19:00,0
COOP:060806,20130702 05:00,1
COOP:060806,20130702 13:00,0
COOP:060806,20130702 14:00,0
COOP:060806,20130702 20:00,0
COOP:060806,20130702 21:00,4
COOP:060806,20130702 22:00,3
COOP:060806,20130703 00:00,0
COOP:060806,20130703 15:00,0
COOP:060806,20130709 19:00,0
COOP:060806,20130710 04:00,0
COOP:060806,20130711 05:00,0
COOP:060806,20130711 06:00,0
COOP:060806,20130711 07:00,20
COOP:060806,20130711 08:00,1
COOP:060806,20130711 10:00,0
COOP:060806,20130711 11:00,0
COOP:060806,20130711 20:00,0
COOP:060806,20130712 16:00,0
COOP:060806,20130712 18:00,0
COOP:060806,20130712 19:00,0
COOP:060806,20130712 20:00,0
COOP:060806,20130712 21:00,8
COOP:060806,20130712 22:00,0
COOP:060806,20130712 23:00,0
COOP:060806,20130713 04:00,0
COOP:060806,20130713 06:00,1
COOP:060806,20130713 07:00,2
COOP:060806,20130713 08:00,0
COOP:060806,20130713 12:00,0
COOP:060806,20130713 13:00,7
COOP:060806,20130713 14:00,1
COOP:060806,20130714 02:00,0
COOP:060806,20130714 03:00,0
COOP:060806,20130721 02:00,1
COOP:060806,20130722 17:00,0
COOP:060806,20130722 18:00,1
COOP:060806,20130722 19:00,0
COOP:060806,20130722 20:00,2
COOP:060806,20130722 21:00,0
COOP:060806,20130722 22:00,0
COOP:060806,20130722 23:00,3
COOP:060806,20130723 00:00,0
COOP:060806,20130723 01:00,0
COOP:060806,20130723 02:00,32
COOP:060806,20130723 03:00,0
COOP:060806,20130723 04:00,6
COOP:060806,20130723 05:00,8
COOP:060806,20130723 06:00,1
COOP:060806,20130723 17:00,11
COOP:060806,20130723 18:00,1
COOP:060806,20130723 21:00,8
COOP:060806,20130723 22:00,0
COOP:060806,20130724 14:00,0
COOP:060806,20130725 03:00,0
COOP:060806,20130725 04:00,0
COOP:060806,20130725 08:00,0
COOP:060806,20130725 09:00,0
COOP:060806,20130725 17:00,0
COOP:060806,20130725 18:00,0
COOP:060806,20130725 19:00,4
COOP:060806,20130725 20:00,2
COOP:060806,20130725 21:00,1
COOP:060806,20130725 22:00,0
COOP:060806,20130725 23:00,0
COOP:060806,20130726 00:00,4
COOP:060806,20130726 01:00,4
COOP:060806,20130726 02:00,1
COOP:060806,20130726 03:00,3
COOP:060806,20130726 04:00,1
COOP:060806,20130726 06:00,0
COOP:060806,20130726 07:00,0
COOP:060806,20130726 08:00,0
COOP:060806,20130726 15:00,1
COOP:060806,20130728 13:00,0
COOP:060806,20130728 14:00,0
COOP:060806,20130728 20:00,0
COOP:060806,20130728 23:00,0
COOP:060806,20130729 00:00,0
COOP:060806,20130801 01:00,0
COOP:060806,20130801 11:00,0
COOP:060806,20130801 12:00,1
COOP:060806,20130801 13:00,0
COOP:060806,20130801 14:00,2
COOP:060806,20130801 15:00,2
COOP:060806,20130801 16:00,0
COOP:060806,20130801 17:00,0
COOP:060806,20130801 18:00,0
COOP:060806,20130801 19:00,0
COOP:060806,20130801 20:00,0
COOP:060806,20130801 21:00,3
COOP:060806,20130801 22:00,30
COOP:060806,20130801 23:00,1
COOP:060806,20130802 00:00,0
COOP:060806,20130802 01:00,0
COOP:060806,20130802 02:00,0
COOP:060806,20130803 05:00,0
COOP:060806,20130803 06:00,0
COOP:060806,20130803 07:00,1
COOP:060806,20130803 08:00,2
COOP:060806,20130803 09:00,0
COOP:060806,20130803 10:00,0
COOP:060806,20130803 11:00,0
COOP:060806,20130803 12:00,0
COOP:060806,20130803 13:00,0
COOP:060806,20130804 17:00,0
COOP:060806,20130807 15:00,0
COOP:060806,20130807 16:00,0
COOP:060806,20130807 23:00,0
COOP:060806,20130808 00:00,0
COOP:060806,20130808 01:00,0
COOP:060806,20130808 02:00,3
COOP:060806,20130808 03:00,4
COOP:060806,20130808 04:00,4
COOP:060806,20130809 03:00,0
COOP:060806,20130809 04:00,0
COOP:060806,20130809 05:00,1
COOP:060806,20130809 06:00,1
COOP:060806,20130809 07:00,3
COOP:060806,20130809 08:00,3
COOP:060806,20130809 09:00,0
COOP:060806,20130809 11:00,0
COOP:060806,20130809 14:00,0
COOP:060806,20130809 15:00,0
COOP:060806,20130809 18:00,0
COOP:060806,20130809 19:00,2
COOP:060806,20130809 20:00,0
COOP:060806,20130812 03:00,2
COOP:060806,20130812 04:00,0
COOP:060806,20130813 08:00,0
COOP:060806,20130813 09:00,3
COOP:060806,20130813 10:00,4
COOP:060806,20130813 11:00,7
COOP:060806,20130813 12:00,4
COOP:060806,20130813 13:00,1
COOP:060806,20130813 23:00,0
COOP:060806,20130818 16:00,0
COOP:060806,20130818 17:00,0
COOP:060806,20130819 17:00,0
COOP:060806,20130819 18:00,0
COOP:060806,20130822 09:00,0
COOP:060806,20130822 10:00,36
COOP:060806,20130822 11:00,3
COOP:060806,20130822 12:00,2
COOP:060806,20130822 13:00,0
COOP:060806,20130822 16:00,0
COOP:060806,20130826 14:00,0
COOP:060806,20130826 15:00,0
COOP:060806,20130826 17:00,1
COOP:060806,20130826 18:00,0
COOP:060806,20130826 20:00,6
COOP:060806,20130826 21:00,18
COOP:060806,20130826 22:00,1
COOP:060806,20130826 23:00,3
COOP:060806,20130827 00:00,0
COOP:060806,20130827 01:00,42
COOP:060806,20130827 02:00,4
COOP:060806,20130827 03:00,2
COOP:060806,20130827 04:00,1
COOP:060806,20130827 05:00,1
COOP:060806,20130827 06:00,5
COOP:060806,20130827 07:00,2
COOP:060806,20130829 08:00,0
COOP:060806,20130901 01:00,0
COOP:060806,20130902 03:00,1
COOP:060806,20130902 04:00,1
COOP:060806,20130902 09:00,1
COOP:060806,20130902 15:00,0
COOP:060806,20130902 16:00,0
COOP:060806,20130902 18:00,0
COOP:060806,20130903 02:00,0
COOP:060806,20130903 08:00,0
COOP:060806,20130903 09:00,1
COOP:060806,20130907 23:00,0
COOP:060806,20130910 02:00,0
COOP:060806,20130910 03:00,0
COOP:060806,20130910 05:00,8
COOP:060806,20130910 06:00,6
COOP:060806,20130912 15:00,0
COOP:060806,20130912 16:00,0
COOP:060806,20130912 19:00,7
COOP:060806,20130912 20:00,114
COOP:060806,20130912 21:00,5
COOP:060806,20130912 22:00,2
COOP:060806,20130913 03:00,1
COOP:060806,20130913 04:00,0
COOP:060806,20130913 05:00,1
COOP:060806,20130913 11:00,1
COOP:060806,20130913 12:00,5
COOP:060806,20130913 16:00,0
COOP:060806,20130913 17:00,3
COOP:060806,20130913 18:00,0
COOP:060806,20130916 06:00,0
COOP:060806,20130916 07:00,0
COOP:060806,20130916 08:00,0
COOP:060806,20130916 09:00,0
COOP:060806,20130916 10:00,0
COOP:060806,20130916 11:00,0
COOP:060806,20130922 00:00,2
COOP:060806,20130922 01:00,10
COOP:060806,20130922 02:00,63
COOP:060806,20130922 03:00,32
COOP:060806,20130922 04:00,6
COOP:060806,20130922 05:00,2
COOP:060806,20130922 06:00,0
COOP:060806,20130922 07:00,0
COOP:060806,20131001 01:00,0
COOP:060806,20131004 11:00,2
COOP:060806,20131005 23:00,0
COOP:060806,20131006 00:00,0
COOP:060806,20131006 09:00,0
COOP:060806,20131006 14:00,1
COOP:060806,20131006 15:00,1
COOP:060806,20131006 16:00,0
COOP:060806,20131006 17:00,1
COOP:060806,20131007 15:00,0
COOP:060806,20131007 16:00,0
COOP:060806,20131007 17:00,21
COOP:060806,20131007 18:00,0
COOP:060806,20131007 19:00,0
COOP:060806,20131010 10:00,0
COOP:060806,20131010 11:00,0
COOP:060806,20131010 12:00,0
COOP:060806,20131017 21:00,1
COOP:060806,20131017 22:00,0
COOP:060806,20131018 00:00,1
COOP:060806,20131018 01:00,0
COOP:060806,20131019 19:00,0
COOP:060806,20131019 20:00,0
COOP:060806,20131019 23:00,0
COOP:060806,20131020 00:00,0
COOP:060806,20131023 22:00,0
COOP:060806,20131027 00:00,0
COOP:060806,20131027 01:00,0
COOP:060806,20131027 02:00,0
COOP:060806,20131027 03:00,0
COOP:060806,20131031 14:00,0
COOP:060806,20131031 15:00,0
COOP:060806,20131031 16:00,0
COOP:060806,20131031 19:00,0
COOP:060806,20131031 20:00,0
COOP:060806,20131031 21:00,1
COOP:060806,20131031 22:00,0
COOP:060806,20131031 23:00,2
COOP:060806,20131101 00:00,1
COOP:060806,20131101 01:00,1
COOP:060806,20131101 07:00,0
COOP:060806,20131101 08:00,0
COOP:060806,20131101 09:00,1
COOP:060806,20131101 10:00,5
COOP:060806,20131101 11:00,0
COOP:060806,20131101 12:00,0
COOP:060806,20131107 04:00,0
COOP:060806,20131107 05:00,0
COOP:060806,20131107 06:00,0
COOP:060806,20131107 11:00,0
COOP:060806,20131107 12:00,5
COOP:060806,20131107 13:00,4
COOP:060806,20131107 14:00,2
COOP:060806,20131107 15:00,3
COOP:060806,20131107 16:00,3
COOP:060806,20131107 17:00,0
COOP:060806,20131107 21:00,0
COOP:060806,20131107 22:00,0
COOP:060806,20131110 14:00,0
COOP:060806,20131110 15:00,0
COOP:060806,20131110 16:00,1
COOP:060806,20131112 03:00,0
COOP:060806,20131112 04:00,0
COOP:060806,20131112 05:00,0
COOP:060806,20131112 06:00,0
COOP:060806,20131112 07:00,1
COOP:060806,20131112 08:00,0
COOP:060806,20131112 09:00,0
COOP:060806,20131112 10:00,0
COOP:060806,20131116 06:00,0
COOP:060806,20131116 07:00,1
COOP:060806,20131116 08:00,1
COOP:060806,20131116 09:00,0
COOP:060806,20131117 12:00,0
COOP:060806,20131117 13:00,0
COOP:060806,20131117 14:00,1
COOP:060806,20131117 17:00,0
COOP:060806,20131117 18:00,1
COOP:060806,20131118 00:00,0
COOP:060806,20131118 02:00,0
COOP:060806,20131118 03:00,0
COOP:060806,20131118 04:00,3
COOP:060806,20131118 05:00,15
COOP:060806,20131118 06:00,7
COOP:060806,20131118 07:00,0
COOP:060806,20131118 08:00,0
COOP:060806,20131122 02:00,0
COOP:060806,20131122 07:00,0
COOP:060806,20131122 08:00,1
COOP:060806,20131122 09:00,4
COOP:060806,20131122 10:00,3
COOP:060806,20131122 11:00,3
COOP:060806,20131122 12:00,4
COOP:060806,20131122 21:00,0
COOP:060806,20131122 22:00,0
COOP:060806,20131122 23:00,0
COOP:060806,20131123 20:00,0
COOP:060806,20131123 21:00,0
COOP:060806,20131126 15:00,0
COOP:060806,20131126 16:00,0
COOP:060806,20131126 17:00,1
COOP:060806,20131126 18:00,2
COOP:060806,20131126 19:00,6
COOP:060806,20131126 20:00,6
COOP:060806,20131126 21:00,2
COOP:060806,20131126 22:00,2
COOP:060806,20131126 23:00,10
COOP:060806,20131127 00:00,10
COOP:060806,20131127 01:00,11
COOP:060806,20131127 02:00,13
COOP:060806,20131127 03:00,20
COOP:060806,20131127 04:00,20
COOP:060806,20131127 05:00,23
COOP:060806,20131127 06:00,11
COOP:060806,20131127 07:00,9
COOP:060806,20131127 08:00,3
COOP:060806,20131127 09:00,0
COOP:060806,20131127 10:00,11
COOP:060806,20131127 11:00,9
COOP:060806,20131127 12:00,2
COOP:060806,20131127 13:00,2
COOP:060806,20131127 14:00,0
COOP:060806,20131127 15:00,4
COOP:060806,20131127 16:00,0
COOP:060806,20131127 17:00,1
COOP:060806,20131127 18:00,1
COOP:060806,20131127 19:00,2
COOP:060806,20131127 20:00,0
COOP:060806,20131201 01:00,0
COOP:060806,20131201 03:00,0
COOP:060806,20131201 04:00,1
COOP:060806,20131201 07:00,0
COOP:060806,20131201 08:00,0
COOP:060806,20131205 03:00,0
COOP:060806,20131205 04:00,0
COOP:060806,20131205 05:00,0
COOP:060806,20131205 06:00,2
COOP:060806,20131205 07:00,1
COOP:060806,20131205 22:00,1
COOP:060806,20131205 23:00,0
COOP:060806,20131206 06:00,1
COOP:060806,20131206 07:00,0
COOP:060806,20131206 08:00,2
COOP:060806,20131206 09:00,0
COOP:060806,20131206 10:00,1
COOP:060806,20131206 11:00,0
COOP:060806,20131206 12:00,4
COOP:060806,20131206 13:00,0
COOP:060806,20131206 14:00,0
COOP:060806,20131206 15:00,0
COOP:060806,20131206 16:00,1
COOP:060806,20131206 17:00,0
COOP:060806,20131206 18:00,0
COOP:060806,20131206 19:00,0
COOP:060806,20131206 20:00,5
COOP:060806,20131206 21:00,20
COOP:060806,20131206 22:00,12
COOP:060806,20131206 23:00,6
COOP:060806,20131207 00:00,9
COOP:060806,20131207 01:00,13
COOP:060806,20131207 02:00,0
COOP:060806,20131207 03:00,0
COOP:060806,20131207 04:00,1
COOP:060806,20131207 06:00,0
COOP:060806,20131209 00:00,1
COOP:060806,20131209 01:00,0
COOP:060806,20131209 02:00,1
COOP:060806,20131209 05:00,0
COOP:060806,20131209 06:00,0
COOP:060806,20131209 07:00,4
COOP:060806,20131209 08:00,3
COOP:060806,20131209 09:00,2
COOP:060806,20131209 10:00,1
COOP:060806,20131209 11:00,0
COOP:060806,20131209 12:00,0
COOP:060806,20131209 13:00,1
COOP:060806,20131210 08:00,0
COOP:060806,20131210 09:00,4
COOP:060806,20131210 10:00,8
COOP:060806,20131210 11:00,3
COOP:060806,20131210 12:00,1
COOP:060806,20131210 13:00,0
COOP:060806,20131210 14:00,1
COOP:060806,20131210 15:00,0
COOP:060806,20131214 05:00,0
COOP:060806,20131214 06:00,0
COOP:060806,20131214 07:00,1
COOP:060806,20131214 08:00,2
COOP:060806,20131214 09:00,2
COOP:060806,20131214 10:00,1
COOP:060806,20131214 11:00,1
COOP:060806,20131214 12:00,2
COOP:060806,20131214 13:00,0
COOP:060806,20131214 14:00,0
COOP:060806,20131214 15:00,2
COOP:060806,20131214 16:00,1
COOP:060806,20131214 17:00,0
COOP:060806,20131214 18:00,1
COOP:060806,20131214 19:00,1
COOP:060806,20131214 20:00,3
COOP:060806,20131214 21:00,4
COOP:060806,20131214 22:00,4
COOP:060806,20131214 23:00,8
COOP:060806,20131215 00:00,3
COOP:060806,20131215 01:00,5
COOP:060806,20131215 02:00,11
COOP:060806,20131215 03:00,21
COOP:060806,20131215 04:00,16
COOP:060806,20131215 05:00,10
COOP:060806,20131217 07:00,0
COOP:060806,20131217 08:00,2
COOP:060806,20131217 09:00,1
COOP:060806,20131217 10:00,0
COOP:060806,20131217 11:00,2
COOP:060806,20131217 12:00,1
COOP:060806,20131217 13:00,5
COOP:060806,20131217 14:00,3
COOP:060806,20131217 15:00,6
COOP:060806,20131217 16:00,4
COOP:060806,20131217 17:00,1
COOP:060806,20131217 18:00,0
COOP:060806,20131217 19:00,0
COOP:060806,20131218 10:00,1
COOP:060806,20131218 13:00,4
COOP:060806,20131221 02:00,0
COOP:060806,20131221 15:00,1
COOP:060806,20131222 04:00,0
COOP:060806,20131222 05:00,0
COOP:060806,20131222 07:00,1
COOP:060806,20131222 10:00,1
COOP:060806,20131222 12:00,1
COOP:060806,20131222 15:00,1
COOP:060806,20131222 16:00,1
COOP:060806,20131222 18:00,0
COOP:060806,20131222 19:00,1
COOP:060806,20131223 01:00,1
COOP:060806,20131223 05:00,0
COOP:060806,20131223 07:00,2
COOP:060806,20131223 08:00,7
COOP:060806,20131223 09:00,6
COOP:060806,20131223 10:00,5
COOP:060806,20131223 11:00,3
COOP:060806,20131223 12:00,3
COOP:060806,20131223 13:00,5
COOP:060806,20131223 14:00,9
COOP:060806,20131223 15:00,3
COOP:060806,20131223 16:00,7
COOP:060806,20131223 17:00,5
COOP:060806,20131223 18:00,2
COOP:060806,20131223 19:00,1
COOP:060806,20131223 20:00,1
COOP:060806,20131224 21:00,0
COOP:060806,20131229 12:00,0
COOP:060806,20131229 13:00,6
COOP:060806,20131229 14:00,11
COOP:060806,20131229 15:00,18
COOP:060806,20131229 16:00,28
COOP:060806,20131229 17:00,38
COOP:060806,20131229 18:00,27
COOP:060806,20131229 19:00,3
COOP:060806,20131229 20:00,0
COOP:060806,20131231 19:00,0
